WUSTL Participant,WUSTL Specimen,WUSTL Path,HTAN_DATA_FILE_ID,HTAN_PARENT_ID,FILENAME,FILE_FORMAT,ASSAY_CHEMISTRY_VERSION,BUNDLE_CONTENTS,HAS_CELL_SEGMENTATION,HAS_CLUSTERING,PANEL_SIZE_TOTAL_TARGETS,PLATFORM,PROTEIN_MEASURED,QC_FEATURE_NUMBER,QC_MEAN_READS_PER_FEATURE,QC_SPATIAL_UNIT,QC_TOTAL_GENES_DETECTED,QC_TOTAL_NUMBER_OF_READS,REGION_AREA,RNA_MEASURED,SEQUENCING_CONFIGURATION,SEQUENCING_DEPTH,SEQUENCING_INSTRUMENT,SAME_SECTION_IMAGING_CHANNELS,TRANSCRIPTOME_TYPE,DIMENSIONALITY_REDUCTION_METHOD,CLUSTERING_METHOD,NUMBER_OF_CLUSTERS,CELL_SEGMENTATION_METHOD,CELL_SEGMENTED_OBJECT_TYPE,NUMBER_OF_SEGMENTED_CELLS,CAPTURE_AREA,CYTASSIST_USED,GENOMIC_REFERENCE,HAS_DIMENSIONALITY_REDUCTION,PANEL_NAME,PANEL_SYNAPSE_ID,PORTAL_PREVIEW_FILE,PROTOCOL_LINK,RUN_ID,SAME_SECTION_IMAGING_ID,SAME_SECTION_IMAGING_MODALITY,SLIDE_SERIAL_NUMBER,SOFTWARE_AND_VERSION,SPATIAL_ASSAY_TYPE
SP003Z1,SP003Z1-Fp1Us1_1,/diskmnt/primary/Xenium/data/20230830__153957__20230830_24001/output-XETG00122__0011120__S18-15142Fp1Us1_1__20230830__154053,Matt fills in,Matt fills in,,,v1,,TRUE,TRUE,477,Xenium,FALSE,720423,61,cell,477,54930083,123642078.0,TRUE,,,,,Targeted,,,,Xenium Multi-Tissue Stain,whole cell,,,,,,,,,,,,,,,
SP017Z1,SP017Z1-Fp1B27Us1_17,/diskmnt/primary/Xenium/data/20230912__220334__24002/output-XETG00122__0010784__S18-9906-B27Us1_17Q1__20230912__220421,Matt fills in,Matt fills in,,,v1,,TRUE,TRUE,377,Xenium,FALSE,266083,61,cell,377,19504112,66022924.9,TRUE,,,,,Targeted,,,,DAPI,nucleus,,,,,,,,,,,,,,,
SP017Z1,SP017Z1-Fp1B27Us1_2,/diskmnt/primary/Xenium/data/20230912__220334__24002/output-XETG00122__0010784__S18-9906-B27Us1_2Q1__20230912__220421,Matt fills in,Matt fills in,,,v1,,TRUE,TRUE,377,Xenium,FALSE,270707,58,cell,377,19304832,63395171.4,TRUE,,,,,Targeted,,,,Xenium Multi-Tissue Stain,whole cell,,,,,,,,,,,,,,,
SP017Z1,SP017Z1-Fp1B27Us1_24,/diskmnt/primary/Xenium/data/20230912__220334__24002/output-XETG00122__0010787__S18-9906-B27Us1_24Q1__20230912__220421,Matt fills in,Matt fills in,,,v1,,TRUE,TRUE,377,Xenium,FALSE,281950,65,cell,377,22188732,66498968.0,TRUE,,,,,Targeted,,,,Xenium Multi-Tissue Stain,whole cell,,,,,,,,,,,,,,,
SP017Z1,SP017Z1-Fp1B27Us1_9,/diskmnt/primary/Xenium/data/20230912__220334__24002/output-XETG00122__0010787__S18-9906-B27Us1_9Q1__20230912__220421,Matt fills in,Matt fills in,,,v1,,TRUE,TRUE,377,Xenium,FALSE,290905,57,cell,377,20342277,71745012.1,TRUE,,,,,Targeted,,,,Xenium Multi-Tissue Stain,whole cell,,,,,,,,,,,,,,,
SP003Z1,SP003Z1-Fp1A15Us1_1,/diskmnt/primary/Xenium/data//20231003__221302__24005/output-XETG00122__0010817__S18-11798-A15Us1_1__20231003__221400,Matt fills in,Matt fills in,,,v1,,TRUE,TRUE,477,Xenium,FALSE,468487,92,cell,477,50198490,86569763.1,TRUE,,,,,Targeted,,,,Xenium Multi-Tissue Stain,whole cell,,,,,,,,,,,,,,,
SP004Z1,SP004Z1-Fp1B17Us2_1,/diskmnt/primary/Xenium/data//20231003__221302__24005/output-XETG00122__0010587__S18-15142-B17Us2_1__20231003__221400,Matt fills in,Matt fills in,,,v1,,TRUE,TRUE,477,Xenium,FALSE,503108,101,cell,477,61495870,93912135.9,TRUE,,,,,Targeted,,,,Xenium Multi-Tissue Stain,whole cell,,,,,,,,,,,,,,,
SP005Z1,SP005Z1-Fp1A25Us1_1,/diskmnt/primary/Xenium/data//20231003__221302__24005/output-XETG00122__0010817__S18-18215-A25Us1_1__20231003__221400,Matt fills in,Matt fills in,,,v1,,TRUE,TRUE,477,Xenium,FALSE,463271,111,cell,477,60530851,90938943.1,TRUE,,,,,Targeted,,,,Xenium Multi-Tissue Stain,whole cell,,,,,,,,,,,,,,,
SP006Z1,SP006Z1-Fp1C8Us1_1,/diskmnt/primary/Xenium/data//20231003__221302__24005/output-XETG00122__0010587__S18-5591-C8Us1_1__20231003__221400,Matt fills in,Matt fills in,,,v1,,TRUE,TRUE,477,Xenium,FALSE,331790,111,cell,477,45354641,107086219.4,TRUE,,,,,Targeted,,,,Xenium Multi-Tissue Stain,whole cell,,,,,,,,,,,,,,,
SP008Z1,SP008Z1-Fp1F15U1,/diskmnt/primary/Xenium/data/20231026__203216__24008/output-XETG00122__0011002__S18-9251-F15U1__20231026__203324,Matt fills in,Matt fills in,,,v1,,TRUE,TRUE,477,Xenium,FALSE,587191,134,cell,477,96544964,127104070.3,TRUE,,,,,Targeted,,,,Xenium Multi-Tissue Stain,whole cell,,,,,,,,,,,,,,,
SP009Z1,SP009Z1-Fp1B14U1,/diskmnt/primary/Xenium/data/20231026__203216__24008/output-XETG00122__0011010__S18-9259-B14U1__20231026__203324,Matt fills in,Matt fills in,,,v1,,TRUE,TRUE,477,Xenium,FALSE,93463,100,cell,477,10882066,34245276.1,TRUE,,,,,Targeted,,,,Xenium Multi-Tissue Stain,whole cell,,,,,,,,,,,,,,,
SP012Z1,SP012Z1-Fp1-A2U3,/diskmnt/primary/Xenium/data/20231026__203216__24008/output-XETG00122__0011010__S21-11816-A2U3__20231026__203324,Matt fills in,Matt fills in,,,v1,,TRUE,TRUE,477,Xenium,FALSE,319134,57,cell,477,27840149,69753970.6,TRUE,,,,,Targeted,,,,Xenium Multi-Tissue Stain,whole cell,,,,,,,,,,,,,,,
SP015Z1,SP015Z1-Fp1A1U3,/diskmnt/primary/Xenium/data/20231026__203216__24008/output-XETG00122__0011002__S22-53426-A1U3__20231026__203324,Matt fills in,Matt fills in,,,v1,,TRUE,TRUE,477,Xenium,FALSE,18953,218,cell,477,5522642,15074604.2,TRUE,,,,,Targeted,,,,Xenium Multi-Tissue Stain,whole cell,,,,,,,,,,,,,,,
SP006Z1,SP006Z1-Fp1C8Us2_1,/diskmnt/primary/Xenium/data/20231114__223057__24010/output-XETG00122__0011055__S18-5591-C8Us2_1__20231114__223131,Matt fills in,Matt fills in,,,v1,,TRUE,TRUE,477,Xenium,FALSE,263842,81,cell,477,24948830,65631717.3,TRUE,,,,,Targeted,,,,Xenium Multi-Tissue Stain,whole cell,,,,,,,,,,,,,,,
SP006Z1,SP006Z1-Fp1C8Us2_12,/diskmnt/primary/Xenium/data/20231114__223057__24010/output-XETG00122__0010977__S18-5591-C8Us2_12__20231114__223131,Matt fills in,Matt fills in,,,v1,,TRUE,TRUE,477,Xenium,FALSE,222957,79,cell,477,21020914,69144800.6,TRUE,,,,,Targeted,,,,Xenium Multi-Tissue Stain,whole cell,,,,,,,,,,,,,,,
SP006Z1,SP006Z1-Fp1C8Us2_18,/diskmnt/primary/Xenium/data/20231114__223057__24010/output-XETG00122__0011055__S18-5591-C8Us2_18__20231114__223131,Matt fills in,Matt fills in,,,v1,,TRUE,TRUE,477,Xenium,FALSE,247228,83,cell,477,23977620,62994210.4,TRUE,,,,,Targeted,,,,Xenium Multi-Tissue Stain,whole cell,,,,,,,,,,,,,,,
SP006Z1,SP006Z1-Fp1C8Us2_20,/diskmnt/primary/Xenium/data/20231114__223057__24010/output-XETG00122__0010977__S18-5591-C8Us2_20__20231114__223131,Matt fills in,Matt fills in,,,v1,,TRUE,TRUE,477,Xenium,FALSE,189696,81,cell,477,18146161,53469685.8,TRUE,,,,,Targeted,,,,Xenium Multi-Tissue Stain,whole cell,,,,,,,,,,,,,,,
SP006Z1,SP006Z1-Fp1C8Us2_5,/diskmnt/primary/Xenium/data/20231114__223057__24010/output-XETG00122__0010977__S18-5591-C8Us2_5__20231114__223131,Matt fills in,Matt fills in,,,v1,,TRUE,TRUE,477,Xenium,FALSE,248492,81,cell,477,23675982,64781029.6,TRUE,,,,,Targeted,,,,Xenium Multi-Tissue Stain,whole cell,,,,,,,,,,,,,,,
SP006Z1,SP006Z1-Fp1C8Us2_7,/diskmnt/primary/Xenium/data/20231114__223057__24010/output-XETG00122__0011055__S18-5591-C8Us2_7__20231114__223131,Matt fills in,Matt fills in,,,v1,,TRUE,TRUE,477,Xenium,FALSE,228178,78,cell,477,21208870,66950326.3,TRUE,,,,,Targeted,,,,Xenium Multi-Tissue Stain,whole cell,,,,,,,,,,,,,,,
HT814Z1,HT814Z1-S1H1Fp1Us1_3,/diskmnt/primary/Xenium/data/20240228__230055__20240228_Prostate_Bone/output-XETG00122__0009954__HT814Z1-S1H1Fp1Us1_3__20240228__230117,Matt fills in,Matt fills in,,,v1,,TRUE,TRUE,477,Xenium,FALSE,79721,80,cell,477,7939550,20647149.4,TRUE,,,,,Targeted,,,,Xenium Multi-Tissue Stain,whole cell,,,,,,,,,,,,,,,
HT817Z1,HT817Z1-S1H1Fp1Us1_2,/diskmnt/primary/Xenium/data/20240228__230055__20240228_Prostate_Bone/output-XETG00122__0009954__HT817Z1-S1H1Fp1Us1_2__20240228__230117,Matt fills in,Matt fills in,,,v1,,TRUE,TRUE,477,Xenium,FALSE,82306,125,cell,477,12450873,24121358.4,TRUE,,,,,Targeted,,,,Xenium Multi-Tissue Stain,whole cell,,,,,,,,,,,,,,,
SP007Z1,SP007Z1-Fp1A10Us2_1,/diskmnt/primary/Xenium/data/20240228__230055__20240228_Prostate_Bone/output-XETG00122__0009954__S18-8795-A10Us2_1__20240228__230117,Matt fills in,Matt fills in,,,v1,,TRUE,TRUE,477,Xenium,FALSE,328335,125,cell,477,48202483,78664365.9,TRUE,,,,,Targeted,,,,Xenium Multi-Tissue Stain,whole cell,,,,,,,,,,,,,,,
HT832Z1,HT832Z1-S1H1Fp1U1,/diskmnt/primary/Xenium/data/20240320__161703__20240320_RCC_Prostate/output-XETG00122__0024817__HT832Z1-S1H1Fp1U1__20240320__161736,Matt fills in,Matt fills in,,,v1,,TRUE,TRUE,477,Xenium,FALSE,197783,147,cell,477,34343789,37249643.0,TRUE,,,,,Targeted,,,,Xenium Multi-Tissue Stain,whole cell,,,,,,,,,,,,,,,
SP016Z1,SP016Z1-Fp1B28U1,/diskmnt/primary/Xenium/data/20240322__175618__202040322_HTAN_SNP_prostate/output-XETG00122__0010300__S18-8122-B28U1__20240322__175655,Matt fills in,Matt fills in,,,v1,,TRUE,TRUE,477,Xenium,FALSE,247512,157,cell,477,44063662,56490613.6,TRUE,,,,,Targeted,,,,Xenium Multi-Tissue Stain,whole cell,,,,,,,,,,,,,,,
HT849Z1,HT849Z1-S1H2Fp1U1,/diskmnt/primary/Xenium/data/20240326__222642__20240326_Prostate_Chol/output-XETG00122__0024905__HT849Z1-S1H2Fp1U1__20240326__222724,Matt fills in,Matt fills in,,,v1,,TRUE,TRUE,477,Xenium,FALSE,170793,123,cell,477,25183847,45977247.7,TRUE,,,,,Targeted,,,,Xenium Multi-Tissue Stain,whole cell,,,,,,,,,,,,,,,
HT852Z1,HT852Z1-S1H1Fp1U1,/diskmnt/primary/Xenium/data/20240326__222642__20240326_Prostate_Chol/output-XETG00122__0024905__HT852Z1-S1H1Fp1U1__20240326__222724,Matt fills in,Matt fills in,,,v1,,TRUE,TRUE,477,Xenium,FALSE,165745,136,cell,477,26409110,40312700.3,TRUE,,,,,Targeted,,,,Xenium Multi-Tissue Stain,whole cell,,,,,,,,,,,,,,,
SP011Z1,SP011Z1-Fp1-A15U1,/diskmnt/primary/Xenium/data/20240329__172043__20240329_pairedmCRC-CRC_prostate/output-XETG00122__0022749__S20-12521-A15U1__20240329__172116,Matt fills in,Matt fills in,,,v1,,TRUE,TRUE,477,Xenium,FALSE,395788,163,cell,477,74918995,68203727.3,TRUE,,,,,Targeted,,,,Xenium Multi-Tissue Stain,whole cell,,,,,,,,,,,,,,,
SP014Z1,SP014Z1-Fp1A29U1,/diskmnt/primary/Xenium/data/20240329__172043__20240329_pairedmCRC-CRC_prostate/output-XETG00122__0022750__S22-44238-A29U1__20240329__172116,Matt fills in,Matt fills in,,,v1,,TRUE,TRUE,477,Xenium,FALSE,436631,201,cell,477,102427470,81806519.2,TRUE,,,,,Targeted,,,,Xenium Multi-Tissue Stain,whole cell,,,,,,,,,,,,,,,
HT891Z1,HT891Z1-S2H3Fp1U1,/diskmnt/primary/Xenium/data/20240524__182517__20240524_HTAN_prostate_serial/output-XETG00122__0034184__HT891Z1-S2H3Fp1U1__20240524__182554,Matt fills in,Matt fills in,,,v1,,TRUE,TRUE,477,Xenium,FALSE,236758,98,cell,477,34658419,35076772.8,TRUE,,,,,Targeted,,,,Xenium Multi-Tissue Stain,whole cell,,,,,,,,,,,,,,,
HT891Z1,HT891Z1-S2H3Fp1U21,/diskmnt/primary/Xenium/data/20240524__182517__20240524_HTAN_prostate_serial/output-XETG00122__0034184__HT891Z1-S2H3Fp1U21__20240524__182554,Matt fills in,Matt fills in,,,v1,,TRUE,TRUE,477,Xenium,FALSE,232003,97,cell,477,33016303,34180386.5,TRUE,,,,,Targeted,,,,Xenium Multi-Tissue Stain,whole cell,,,,,,,,,,,,,,,
HT891Z1,HT891Z1-S2H3Fp1U32,/diskmnt/primary/Xenium/data/20240524__182517__20240524_HTAN_prostate_serial/output-XETG00122__0034184__HT891Z1-S2H3Fp1U31__20240524__182554,Matt fills in,Matt fills in,,,v1,,TRUE,TRUE,477,Xenium,FALSE,205009,82,cell,477,25640618,32447509.2,TRUE,,,,,Targeted,,,,Xenium Multi-Tissue Stain,whole cell,,,,,,,,,,,,,,,
HT891Z1,HT891Z1-S2H3Fp1U44,/diskmnt/primary/Xenium/data/20240524__182517__20240524_HTAN_prostate_serial/output-XETG00122__0034183__HT891Z1-S2H3Fp1U44__20240524__182554,Matt fills in,Matt fills in,,,v1,,TRUE,TRUE,477,Xenium,FALSE,223452,94,cell,477,31983784,33771647.6,TRUE,,,,,Targeted,,,,Xenium Multi-Tissue Stain,whole cell,,,,,,,,,,,,,,,
HT891Z1,HT891Z1-S2H3Fp1U59,/diskmnt/primary/Xenium/data/20240524__182517__20240524_HTAN_prostate_serial/output-XETG00122__0034183__HT891Z1-S2H3Fp1U59__20240524__182554,Matt fills in,Matt fills in,,,v1,,TRUE,TRUE,477,Xenium,FALSE,206538,97,cell,477,30272180,34633396.5,TRUE,,,,,Targeted,,,,Xenium Multi-Tissue Stain,whole cell,,,,,,,,,,,,,,,
HT891Z1,HT891Z1-S2H3Fp1U69,/diskmnt/primary/Xenium/data/20240524__182517__20240524_HTAN_prostate_serial/output-XETG00122__0034183__HT891Z1-S2H3Fp1U69__20240524__182554,Matt fills in,Matt fills in,,,v1,,TRUE,TRUE,477,Xenium,FALSE,196578,94,cell,477,27954124,33773727.3,TRUE,,,,,Targeted,,,,Xenium Multi-Tissue Stain,whole cell,,,,,,,,,,,,,,,
HT891Z1,HT891Z1-S2H3Fp1U104,/diskmnt/primary/Xenium/data/20240613__175032__20240613_Prostate_SNP/output-XETG00122__0033823__HT891Z1-S2H3Fp1U104__20240613__175113,Matt fills in,Matt fills in,,,v1,,TRUE,TRUE,477,Xenium,FALSE,124775,103,cell,477,19401071,25445592.5,TRUE,,,,,Targeted,,,,Xenium Multi-Tissue Stain,whole cell,,,,,,,,,,,,,,,
HT891Z1,HT891Z1-S2H3Fp1U81,/diskmnt/primary/Xenium/data/20240613__175032__20240613_Prostate_SNP/output-XETG00122__0033823__HT891Z1-S2H3Fp1U81__20240613__175113,Matt fills in,Matt fills in,,,v1,,TRUE,TRUE,477,Xenium,FALSE,202006,91,cell,477,28249709,30703391.2,TRUE,,,,,Targeted,,,,Xenium Multi-Tissue Stain,whole cell,,,,,,,,,,,,,,,
HT891Z1,HT891Z1-S2H3Fp1U94,/diskmnt/primary/Xenium/data/20240613__175032__20240613_Prostate_SNP/output-XETG00122__0033823__HT891Z1-S2H3Fp1U94__20240613__175113,Matt fills in,Matt fills in,,,v1,,TRUE,TRUE,477,Xenium,FALSE,160268,94,cell,477,22875079,29813489.8,TRUE,,,,,Targeted,,,,Xenium Multi-Tissue Stain,whole cell,,,,,,,,,,,,,,,
HT913Z1,HT913Z1-S2H1Fp1U101,/diskmnt/primary/Xenium/data/20240703__174409__20240703_HTAN_prostate-serial/output-XETG00122__0024913__HT913Z1-S2H1Fp1U101__20240703__174440/,Matt fills in,Matt fills in,,,v1,,TRUE,TRUE,477,Xenium,FALSE,204716,102,cell,477,33853478,39020083.2,TRUE,,,,,Targeted,,,,Xenium Multi-Tissue Stain,whole cell,,,,,,,,,,,,,,,
HT913Z1,HT913Z1-S2H1Fp1U33,/diskmnt/primary/Xenium/data/20240703__174409__20240703_HTAN_prostate-serial/output-XETG00122__0024910__HT913Z1-S2H1Fp1U33__20240703__174440/,Matt fills in,Matt fills in,,,v1,,TRUE,TRUE,477,Xenium,FALSE,288322,90,cell,477,43847033,51670245.8,TRUE,,,,,Targeted,,,,Xenium Multi-Tissue Stain,whole cell,,,,,,,,,,,,,,,
HT913Z1,HT913Z1-S2H1Fp1U34,/diskmnt/primary/Xenium/data/20240703__174409__20240703_HTAN_prostate-serial/output-XETG00122__0024910__HT913Z1-S2H1Fp1U34__20240703__174440/,Matt fills in,Matt fills in,,,v1,,TRUE,TRUE,477,Xenium,FALSE,286068,93,cell,477,44679079,51231328.0,TRUE,,,,,Targeted,,,,Xenium Multi-Tissue Stain,whole cell,,,,,,,,,,,,,,,
HT913Z1,HT913Z1-S2H1Fp1U35,/diskmnt/primary/Xenium/data/20240703__174409__20240703_HTAN_prostate-serial/output-XETG00122__0024910__HT913Z1-S2H1Fp1U35__20240703__174440/,Matt fills in,Matt fills in,,,v1,,TRUE,TRUE,477,Xenium,FALSE,287688,95,cell,477,45741653,51221261.2,TRUE,,,,,Targeted,,,,Xenium Multi-Tissue Stain,whole cell,,,,,,,,,,,,,,,
HT913Z1,HT913Z1-S2H1Fp1U61,/diskmnt/primary/Xenium/data/20240703__174409__20240703_HTAN_prostate-serial/output-XETG00122__0024913__HT913Z1-S2H1Fp1U61__20240703__174440/,Matt fills in,Matt fills in,,,v1,,TRUE,TRUE,477,Xenium,FALSE,275511,94,cell,477,43175890,47324650.0,TRUE,,,,,Targeted,,,,Xenium Multi-Tissue Stain,whole cell,,,,,,,,,,,,,,,
HT913Z1,HT913Z1-S2H1Fp1U81,/diskmnt/primary/Xenium/data/20240703__174409__20240703_HTAN_prostate-serial/output-XETG00122__0024913__HT913Z1-S2H1Fp1U81__20240703__174440/,Matt fills in,Matt fills in,,,v1,,TRUE,TRUE,477,Xenium,FALSE,253514,97,cell,477,40301195,43815339.5,TRUE,,,,,Targeted,,,,Xenium Multi-Tissue Stain,whole cell,,,,,,,,,,,,,,,
HT913Z1,HT913Z1-S2H1Fp1U1,/diskmnt/primary/Xenium/data/20240710__201651__20240710_5K_Prostate_SenNet/output-XETG00122__0037154__HT913Z1-S2H1Fp1U1__20240710__201813,Matt fills in,Matt fills in,,,Xenium Prime,,TRUE,TRUE,5101,Xenium,FALSE,295168,313,cell,5101,159059071,49030755.5,TRUE,,,,,Targeted,,,,Xenium Multi-Tissue Stain,whole cell,,,,,,,,,,,,,,,
HT913Z1,HT913Z1-S2H1Fp1U11,/diskmnt/primary/Xenium/data/20240710__201651__20240710_5K_Prostate_SenNet/output-XETG00122__0037154__HT913Z1-S2H1Fp1U11__20240710__201813,Matt fills in,Matt fills in,,,Xenium Prime,,TRUE,TRUE,5101,Xenium,FALSE,301137,310,cell,5101,159105900,50337306.7,TRUE,,,,,Targeted,,,,Xenium Multi-Tissue Stain,whole cell,,,,,,,,,,,,,,,
HT913Z1,HT913Z1-S2H1Fp1U21,/diskmnt/primary/Xenium/data/20240710__201651__20240710_5K_Prostate_SenNet/output-XETG00122__0037154__HT913Z1-S2H1Fp1U21__20240710__201813,Matt fills in,Matt fills in,,,Xenium Prime,,TRUE,TRUE,5101,Xenium,FALSE,299992,309,cell,5101,158894932,50783154.9,TRUE,,,,,Targeted,,,,Xenium Multi-Tissue Stain,whole cell,,,,,,,,,,,,,,,
HT913Z1,HT913Z1-S1H1Fp1U1,/diskmnt/primary/Xenium/data/20240722__191436__20240722_HTAN_prostate_BM/output-XETG00122__0022654__HT913Z1-S1H1Fp1U1__20240722__191506,Matt fills in,Matt fills in,,,v1,,TRUE,TRUE,477,Xenium,FALSE,327313,52,cell,477,29238461,55175976.5,TRUE,,,,,Targeted,,,,Xenium Multi-Tissue Stain,whole cell,,,,,,,,,,,,,,,
HT913Z1,HT913Z1-S1H1Fp1U11,/diskmnt/primary/Xenium/data/20240722__191436__20240722_HTAN_prostate_BM/output-XETG00122__0022654__HT913Z1-S1H1Fp1U11__20240722__191506,Matt fills in,Matt fills in,,,v1,,TRUE,TRUE,477,Xenium,FALSE,407148,103,cell,477,65283223,60387816.6,TRUE,,,,,Targeted,,,,Xenium Multi-Tissue Stain,whole cell,,,,,,,,,,,,,,,
HT913Z1,HT913Z1-S1H1Fp1U8,/diskmnt/primary/Xenium/data/20240722__191436__20240722_HTAN_prostate_BM/output-XETG00122__0022654__HT913Z1-S1H1Fp1U8__20240722__191506,Matt fills in,Matt fills in,,,v1,,TRUE,TRUE,477,Xenium,FALSE,356897,91,cell,477,50576682,57349868.0,TRUE,,,,,Targeted,,,,Xenium Multi-Tissue Stain,whole cell,,,,,,,,,,,,,,,
SP048Z1,SP048Z1-Fp1C27U1,/diskmnt/primary/Xenium/data/20240927__185207__20240927_5K_Multi_PCa_GBM_PKD/output-XETG00063__0037329__S18-5929-C27U1__20240927__185257,Matt fills in,Matt fills in,,,Xenium Prime,,TRUE,TRUE,5101,Xenium,FALSE,514956,369,cell,5101,355577950,98608313.1,TRUE,,,,,Targeted,,,,Xenium Multi-Tissue Stain,whole cell,,,,,,,,,,,,,,,
SP016Z1,SP016Z1-Fp1B28U2,/diskmnt/primary/Xenium/data/20240927__185207__20240927_5K_Multi_PCa_GBM_PKD/output-XETG00063__0037329__S18-8122-B28U1__20240927__185257,Matt fills in,Matt fills in,,,Xenium Prime,,TRUE,TRUE,5101,Xenium,FALSE,507016,374,cell,5101,274733745,101786158.5,TRUE,,,,,Targeted,,,,Xenium Multi-Tissue Stain,whole cell,,,,,,,,,,,,,,,
HT832Z1,HT832Z1-S1H1Fp1U2,/diskmnt/primary/Xenium/data/20241010__203252__20241010_5K_MGI_PKD_PCa_PDAC_CRC/output-XETG00113__0037126__HT832Z1U1__20241010__203413,Matt fills in,Matt fills in,,,Xenium Prime,,TRUE,TRUE,5101,Xenium,FALSE,224186,530,cell,5101,186111312,38052093.3,TRUE,,,,,Targeted,,,,Xenium Multi-Tissue Stain,whole cell,,,,,,,,,,,,,,,
HT1011Z1,HT1011Z1-S1H3Fp1U1,/diskmnt/primary/Xenium/data/20241227__223539__20241227_5K_MGI_CRC_RCC_MM_PCa/output-XETG00113__0043322__HT1011Z1-S1H3Fp1U1__20241227__223819,Matt fills in,Matt fills in,,,Xenium Prime,,TRUE,TRUE,5101,Xenium,FALSE,245739,500,cell,5101,217606064,49390889.2,TRUE,,,,,Targeted,,,,Xenium Multi-Tissue Stain,whole cell,,,,,,,,,,,,,,,
HT206B1,HT206B1-H2L1Us1_9,/diskmnt/primary/Xenium/data/20230830__153957__20230830_24001/output-XETG00122__0010528__HT206B1-H2L1Us1_9__20230830__154053,Matt fills in,Matt fills in,,,v1,,TRUE,TRUE,477,Xenium,FALSE,117645,71,cell,477,11024562,33290028.9,TRUE,,,,,Targeted,,,,Xenium Multi-Tissue Stain,whole cell,,,,,,,,,,,,,,,
HT206B1,HT206B1-H2L1Us1_17,/diskmnt/primary/Xenium/data/20230830__153957__20230830_24001/output-XETG00122__0010528__HT206B1-H2L1Us1_17__20230830__154053,Matt fills in,Matt fills in,,,v1,,TRUE,TRUE,477,Xenium,FALSE,116678,75,cell,477,11347311,33758001.4,TRUE,,,,,Targeted,,,,Xenium Multi-Tissue Stain,whole cell,,,,,,,,,,,,,,,
HT206B1,HT206B1-H2L1Us1_1,/diskmnt/primary/Xenium/data/20230830__153957__20230830_24001/output-XETG00122__0010528__HT206B1-H2L1Us1_1__20230830__154053,Matt fills in,Matt fills in,,,v1,,TRUE,TRUE,477,Xenium,FALSE,119855,82,cell,477,12774423,33299355.6,TRUE,,,,,Targeted,,,,Xenium Multi-Tissue Stain,whole cell,,,,,,,,,,,,,,,
HT206B1,HT206B1-H2L1Us1_24,/diskmnt/primary/Xenium/data/20230919__220553__24003/output-XETG00122__0010520__HT206B1-H2L1Us1_24__20230919__220650,Matt fills in,Matt fills in,,,v1,,TRUE,TRUE,377,Xenium,FALSE,110497,105,cell,377,15495623,33746757.4,TRUE,,,,,Targeted,,,,DAPI,nucleus,,,,,,,,,,,,,,,
HT206B1,HT206B1-H2L1Us1_8,/diskmnt/primary/Xenium/data/20230919__220553__24003/output-XETG00122__0010520__HT206B1-H2L1Us1_8__20230919__220650,Matt fills in,Matt fills in,,,v1,,TRUE,TRUE,377,Xenium,FALSE,115764,116,cell,377,18021645,33328923.5,TRUE,,,,,Targeted,,,,DAPI,nucleus,,,,,,,,,,,,,,,
HT206B1,HT206B1-H2L1Us1_15,/diskmnt/primary/Xenium/data/20230919__220553__24003/output-XETG00122__0010520__HT206B1-H2L1Us1_15__20230919__220650,Matt fills in,Matt fills in,,,v1,,TRUE,TRUE,377,Xenium,FALSE,115811,114,cell,377,17890899,31114380.0,TRUE,,,,,Targeted,,,,DAPI,nucleus,,,,,,,,,,,,,,,
HT591B1,HT591B1-S1H1Fp1Us1_1,/diskmnt/primary/Xenium/data/20230803__195918__20230803_firstsamples/output-XETG00122__0010660__HT591B1-S1H1Fp1Us1_1__20230803__200008,Matt fills in,Matt fills in,,,v1,,TRUE,TRUE,377,Xenium,FALSE,110065,108,cell,377,14142033,43771032.7,TRUE,,,,,Targeted,,,,DAPI,nucleus,,,,,,,,,,,,,,,
HT704B1,HT704B1-S1H3Fp1U1,/diskmnt/primary/Xenium/data/20240619__174946__20240619_HTAN_BRCA-serial/output-XETG00122__0034390__HT704B1-S1H3Fp1U1__20240619__175030,Matt fills in,Matt fills in,,,v1,,TRUE,TRUE,477,Xenium,FALSE,224958,127,cell,477,46261965,46006963.7,TRUE,,,,,Targeted,,,,Xenium Multi-Tissue Stain,whole cell,,,,,,,,,,,,,,,
,HT704B1-S1H3Fp1U17,/diskmnt/primary/Xenium/data/20240619__174946__20240619_HTAN_BRCA-serial/output-XETG00122__0034390__HT704B1-S1H3Fp1U17__20240619__175030,Matt fills in,Matt fills in,,,v1,,TRUE,TRUE,477,Xenium,FALSE,214549,118,cell,477,40355115,45096156.2,TRUE,,,,,Targeted,,,,Xenium Multi-Tissue Stain,whole cell,,,,,,,,,,,,,,,
HT704B1,HT704B1-S1H3Fp1U26,/diskmnt/primary/Xenium/data/20240619__174946__20240619_HTAN_BRCA-serial/output-XETG00122__0034390__HT704B1-S1H3Fp1U26__20240619__175030,Matt fills in,Matt fills in,,,v1,,TRUE,TRUE,477,Xenium,FALSE,201141,116,cell,477,37155842,42466509.5,TRUE,,,,,Targeted,,,,Xenium Multi-Tissue Stain,whole cell,,,,,,,,,,,,,,,
HT704B1,HT704B1-S1H3Fp1U33,/diskmnt/primary/Xenium/data/20240619__174946__20240619_HTAN_BRCA-serial/output-XETG00122__0034322__HT704B1-S1H3Fp1U33__20240619__175030,Matt fills in,Matt fills in,,,v1,,TRUE,TRUE,477,Xenium,FALSE,194193,102,cell,477,31681842,40762350.7,TRUE,,,,,Targeted,,,,Xenium Multi-Tissue Stain,whole cell,,,,,,,,,,,,,,,
HT704B1,HT704B1-S1H3Fp1U41,/diskmnt/primary/Xenium/data/20240619__174946__20240619_HTAN_BRCA-serial/output-XETG00122__0034322__HT704B1-SH3Fp1U41__20240619__175031,Matt fills in,Matt fills in,,,v1,,TRUE,TRUE,477,Xenium,FALSE,182625,94,cell,477,27467345,39887759.7,TRUE,,,,,Targeted,,,,Xenium Multi-Tissue Stain,whole cell,,,,,,,,,,,,,,,
HT704B1,HT704B1-S1H3Fp1U50,/diskmnt/primary/Xenium/data/20240619__174946__20240619_HTAN_BRCA-serial/output-XETG00122__0034322__HT704B1-S1H3Fp1U50__20240619__175031,Matt fills in,Matt fills in,,,v1,,TRUE,TRUE,477,Xenium,FALSE,177898,102,cell,477,29381634,39889862.2,TRUE,,,,,Targeted,,,,Xenium Multi-Tissue Stain,whole cell,,,,,,,,,,,,,,,
1581620A,1581620AU1,/diskmnt/primary/Xenium/data/20241204_5K_MGI_PKD_BRC_CRC/output-XETG00113__0043724__1581620AU1__20241204__224100,Matt fills in,Matt fills in,,,Xenium Prime,,TRUE,TRUE,5101,Xenium,FALSE,59569,814,cell,5101,84121923,14969889.4,TRUE,,,,,Targeted,,,,Xenium Multi-Tissue Stain,whole cell,,,,,,,,,,,,,,,
1654977A,1654977AU1,/diskmnt/primary/Xenium/data/20241204_5K_MGI_PKD_BRC_CRC/output-XETG00113__0043724__1654977AU1__20241204__224100,Matt fills in,Matt fills in,,,Xenium Prime,,TRUE,TRUE,5101,Xenium,FALSE,294638,492,cell,5101,214950836,38182600.2,TRUE,,,,,Targeted,,,,Xenium Multi-Tissue Stain,whole cell,,,,,,,,,,,,,,,
HT727B1,HT727B1-S1H4Fp1U1,/diskmnt/primary/Xenium/data/20250124__222618__20250124_5K_Breast_HN_PKD/output-XETG00523__0037628__HT727B1-S1H4Fp1U1__20250124__223011,Matt fills in,Matt fills in,,,Xenium Prime,,TRUE,TRUE,5101,Xenium,FALSE,117586,611,cell,5101,105287944,27947521.6,TRUE,,,,,Targeted,,,,Xenium Multi-Tissue Stain,whole cell,,,,,,,,,,,,,,,
1661918a,1661918aU1,/diskmnt/primary/Xenium/data/20250124__222618__20250124_5K_Breast_HN_PKD/output-XETG00523__0037628__1661918aU1__20250124__223012,Matt fills in,Matt fills in,,,Xenium Prime,,TRUE,TRUE,5101,Xenium,FALSE,109573,651,cell,5101,95594925,25442336.0,TRUE,,,,,Targeted,,,,Xenium Multi-Tissue Stain,whole cell,,,,,,,,,,,,,,,
1607059,1607059U1,/diskmnt/primary/Xenium/data/20250124__222618__20250124_5K_Breast_HN_PKD/output-XETG00523__0037628__1607059U1__20250124__223012,Matt fills in,Matt fills in,,,Xenium Prime,,TRUE,TRUE,5101,Xenium,FALSE,15291,393,cell,5101,10004847,14105874.9,TRUE,,,,,Targeted,,,,Xenium Multi-Tissue Stain,whole cell,,,,,,,,,,,,,,,
HT944B1,HT944B1-S2H2bFpU1,/diskmnt/primary/Xenium/data/20250124__222618__20250124_5K_Breast_HN_PKD/output-XETG00523__0037640__HT944B1-S2H2bFpU1__20250124__223012,Matt fills in,Matt fills in,,,Xenium Prime,,TRUE,TRUE,5101,Xenium,FALSE,83450,553,cell,5101,71692868,18397028.2,TRUE,,,,,Targeted,,,,Xenium Multi-Tissue Stain,whole cell,,,,,,,,,,,,,,,
SP048Z1,SP048Z1-Fp1C27U2,/diskmnt/primary/Xenium/data/20240516__213831__20240516_HTAN_prostate/output-XETG00122__0033872__S18-5929-C27U2__20240516__213857,Matt fills in,Matt fills in,,,v1,,TRUE,TRUE,477,Xenium,FALSE,405242,133,cell,477,85063935,90965659.3,TRUE,,,,,Targeted,,,,Xenium Multi-Tissue Stain,whole cell,,,,,,,,,,,,,,,
SP051Z1,SP051Z1-Fp1F1U2,/diskmnt/primary/Xenium/data/20240516__213831__20240516_HTAN_prostate/output-XETG00122__0033872__S20-23195-F1U2__20240516__213857,Matt fills in,Matt fills in,,,v1,,TRUE,TRUE,477,Xenium,FALSE,90160,126,cell,477,15446804,39884487.9,TRUE,,,,,Targeted,,,,Xenium Multi-Tissue Stain,whole cell,,,,,,,,,,,,,,,
SP050Z1,SP050Z1-Fp1A1U2,/diskmnt/primary/Xenium/data/20240516__213831__20240516_HTAN_prostate/output-XETG00122__0033871__S23-27043-A1U2__20240516__213857,Matt fills in,Matt fills in,,,v1,,TRUE,TRUE,477,Xenium,FALSE,288032,43,cell,477,30218743,51778720.1,TRUE,,,,,Targeted,,,,Xenium Multi-Tissue Stain,whole cell,,,,,,,,,,,,,,,