Xenium Probe Panels ,,,,,
1. Instruction and panel description,,,,,
Please use the Panel column with the matching tab to identify the probe panel used,,,,,
,,,,,
Panel,Panel Type,Predesigned panel,Description,n_gene,n_gene_total
hMulti,Predesigned,,Human Multi-Tissue and Cancer,377,377
8P9U3X_hMulti,Custom,hMulti,,100,477
J9HB8Q_hMulti,Custom,hMulti,,95,472
8UT8B9_hMulti,Custom,hMulti,,91,468
TQDHMX_hMulti,Custom,hMulti,,100,477
,,,,,
Panel,Panel Type,Predesigned panel,Description,n_gene,n_gene_total
hMulti_v2,Predesigned,,Xenium Prime 5K Human Pan Tissue & Pathways Panel,5001,5001
HMTC / DHYHMW,Custom,hMulti_v2,,100,5101
,,,,,
Note: all custom panel are combined with a Predesigned penel. Only custom probes are listed,,,,,
"For Predesigned panel, please use link below and find the panel name lised  in ""Description""",,,,,
https://www.10xgenomics.com/products/xenium-panels,,,,,
,,,,,
2. section Id and xenium panel,,,,,
section_id,case,disease,Panel,,
HT206B1-H2L1Us1_1,HT206B1,breast,8P9U3X_hMulti,,
HT206B1-H2L1Us1_8,HT206B1,breast,hMulti,,
HT206B1-H2L1Us1_9,HT206B1,breast,8P9U3X_hMulti,,
HT206B1-H2L1Us1_15,HT206B1,breast,hMulti,,
HT206B1-H2L1Us1_17,HT206B1,breast,8P9U3X_hMulti,,
HT206B1-H2L1Us1_24,HT206B1,breast,hMulti,,
HT591B1-S1H1Fp1Us1_1,HT591B1,breast,hMulti,,
HT704B1-S1H3Fp1U1,HT704B1,breast,J9HB8Q_hMulti,,
HT704B1-S1H3Fp1U17,HT704B1,breast,J9HB8Q_hMulti,,
HT704B1-S1H3Fp1U26,HT704B1,breast,J9HB8Q_hMulti,,
HT704B1-S1H3Fp1U33,HT704B1,breast,J9HB8Q_hMulti,,
HT704B1-S1H3Fp1U41,HT704B1,breast,J9HB8Q_hMulti,,
HT704B1-S1H3Fp1U50,HT704B1,breast,J9HB8Q_hMulti,,
HT727B1-S1H4Fp1U1,HT727B1,breast,HMTC / DHYHMW,,
HT814Z1-S1H1Fp1Us1_3,HT814Z1,prostate,8UT8B9_hMulti,,
HT817Z1-S1H1Fp1Us1_2,HT817Z1,prostate,8UT8B9_hMulti,,
HT832Z1-S1H1Fp1U1,HT832Z1,prostate,8UT8B9_hMulti,,
HT832Z1-S1H1Fp1U2,HT832Z1,prostate,HMTC / DHYHMW,,
HT849Z1-S1H2Fp1U1,HT849Z1,prostate,8UT8B9_hMulti,,
HT852Z1-S1H1Fp1U1,HT852Z1,prostate,8UT8B9_hMulti,,
HT891Z1-S2H3Fp1U1,HT891Z1,prostate,TQDHMX_hMulti,,
HT891Z1-S2H3Fp1U21,HT891Z1,prostate,TQDHMX_hMulti,,
HT891Z1-S2H3Fp1U32,HT891Z1,prostate,TQDHMX_hMulti,,
HT891Z1-S2H3Fp1U44,HT891Z1,prostate,TQDHMX_hMulti,,
HT891Z1-S2H3Fp1U59,HT891Z1,prostate,TQDHMX_hMulti,,
HT891Z1-S2H3Fp1U69,HT891Z1,prostate,TQDHMX_hMulti,,
HT891Z1-S2H3Fp1U104,HT891Z1,prostate,J9HB8Q_hMulti,,
HT891Z1-S2H3Fp1U81,HT891Z1,prostate,J9HB8Q_hMulti,,
HT891Z1-S2H3Fp1U94,HT891Z1,prostate,J9HB8Q_hMulti,,
HT913Z1-S2H1Fp1U1,HT913Z1,prostate,hMulti_v2,,
HT913Z1-S2H1Fp1U11,HT913Z1,prostate,hMulti_v2,,
HT913Z1-S2H1Fp1U21,HT913Z1,prostate,hMulti_v2,,
HT913Z1-S2H1Fp1U33,HT913Z1,prostate,J9HB8Q_hMulti,,
HT913Z1-S2H1Fp1U34,HT913Z1,prostate,J9HB8Q_hMulti,,
HT913Z1-S2H1Fp1U35,HT913Z1,prostate,J9HB8Q_hMulti,,
HT913Z1-S2H1Fp1U61,HT913Z1,prostate,J9HB8Q_hMulti,,
HT913Z1-S2H1Fp1U81,HT913Z1,prostate,J9HB8Q_hMulti,,
HT913Z1-S2H1Fp1U101,HT913Z1,prostate,J9HB8Q_hMulti,,
HT913Z1-S1H1Fp1U1,HT913Z1,prostate,J9HB8Q_hMulti,,
HT913Z1-S1H1Fp1U11,HT913Z1,prostate,J9HB8Q_hMulti,,
HT913Z1-S1H1Fp1U8,HT913Z1,prostate,J9HB8Q_hMulti,,
HT944B1-S2H2bFpU1,HT944B1,breast,HMTC / DHYHMW,,
HT1011Z1-S1H3Fp1U1,HT1011Z1,prostate,HMTC / DHYHMW,,
SP003Z1-Fp1A15Us1_1,SP003Z1,prostate,8P9U3X_hMulti,,
SP004Z1-Fp1B17Us2_1,SP004Z1,prostate,8P9U3X_hMulti,,
SP005Z1-Fp1A25Us1_1,SP005Z1,prostate,8P9U3X_hMulti,,
SP006Z1-Fp1C8Us1_1,SP006Z1,prostate,8P9U3X_hMulti,,
SP006Z1-Fp1C8Us2_1,SP006Z1,prostate,8P9U3X_hMulti,,
SP006Z1-Fp1C8Us2_5,SP006Z1,prostate,8P9U3X_hMulti,,
SP006Z1-Fp1C8Us2_7,SP006Z1,prostate,8P9U3X_hMulti,,
SP006Z1-Fp1C8Us2_12,SP006Z1,prostate,8P9U3X_hMulti,,
SP006Z1-Fp1C8Us2_18,SP006Z1,prostate,8P9U3X_hMulti,,
SP006Z1-Fp1C8Us2_20,SP006Z1,prostate,8P9U3X_hMulti,,
SP007Z1-Fp1A10Us2_1,SP007Z1,prostate,8UT8B9_hMulti,,
SP008Z1-Fp1F15U1,SP008Z1,prostate,8P9U3X_hMulti,,
SP009Z1-Fp1B14U1,SP009Z1,prostate,8P9U3X_hMulti,,
SP011Z1-Fp1-A15U1,SP011Z1,prostate,8UT8B9_hMulti,,
SP012Z1-Fp1-A2U3,SP012Z1,prostate,8P9U3X_hMulti,,
SP014Z1-Fp1A29U1,SP014Z1,prostate,8UT8B9_hMulti,,
SP015Z1-Fp1A1U3,SP015Z1,prostate,8P9U3X_hMulti,,
SP016Z1-Fp1B28U1,SP016Z1,prostate,8UT8B9_hMulti,,
SP016Z1-Fp1B28U2,SP016Z1,prostate,8UT8B9_hMulti,,
SP017Z1-Fp1B27Us1_2,SP017Z1,prostate,hMulti,,
SP017Z1-Fp1B27Us1_9,SP017Z1,prostate,hMulti,,
SP017Z1-Fp1B27Us1_17,SP017Z1,prostate,hMulti,,
SP017Z1-Fp1B27Us1_24,SP017Z1,prostate,hMulti,,
SP048Z1-Fp1C27U1,SP048Z1,prostate,J9HB8Q_hMulti,,
SP048Z1-Fp1C27U2,SP048Z1,prostate,J9HB8Q_hMulti,,
SP051Z1-Fp1F1U2,SP051Z1,prostate,J9HB8Q_hMulti,,
SP050Z1-Fp1A1U2,SP050Z1,prostate,J9HB8Q_hMulti,,
1581620AU1,1581620A,breast,HMTC / DHYHMW,,
1654977AU1,1654977A,breast,HMTC / DHYHMW,,
1661918aU1,1661918a,breast,HMTC / DHYHMW,,
1607059U1,1607059,breast,HMTC / DHYHMW,,
,,,,,
,,,,,
,,,,,
,,,,,
,,,,,
,,,,,
,,,,,
3. custom panels,,,,,
8P9U3X_hMulti,,,,,
Gene,Ensembl ID,Panel,Base Panel,,
HAVCR1,ENSG00000113249,8P9U3X_hMulti,hMulti,,
SLC6A3,ENSG00000142319,8P9U3X_hMulti,hMulti,,
EPHA6,ENSG00000080224,8P9U3X_hMulti,hMulti,,
IFNG,ENSG00000111537,8P9U3X_hMulti,hMulti,,
AZGP1,ENSG00000160862,8P9U3X_hMulti,hMulti,,
CA9,ENSG00000107159,8P9U3X_hMulti,hMulti,,
CDKN1A,ENSG00000124762,8P9U3X_hMulti,hMulti,,
CDKN2A_p16,CDKN2A_p16,8P9U3X_hMulti,hMulti,,
COX6C,ENSG00000164919,8P9U3X_hMulti,hMulti,,
CP,ENSG00000047457,8P9U3X_hMulti,hMulti,,
CRP,ENSG00000132693,8P9U3X_hMulti,hMulti,,
FN1,ENSG00000115414,8P9U3X_hMulti,hMulti,,
FOS,ENSG00000170345,8P9U3X_hMulti,hMulti,,
HIF1A,ENSG00000100644,8P9U3X_hMulti,hMulti,,
IGFBP7,ENSG00000163453,8P9U3X_hMulti,hMulti,,
ITGAX,ENSG00000140678,8P9U3X_hMulti,hMulti,,
JUN,ENSG00000177606,8P9U3X_hMulti,hMulti,,
KRT14,ENSG00000186847,8P9U3X_hMulti,hMulti,,
KRT17,ENSG00000128422,8P9U3X_hMulti,hMulti,,
KRT19,ENSG00000171345,8P9U3X_hMulti,hMulti,,
KRT5,ENSG00000186081,8P9U3X_hMulti,hMulti,,
LAMC2,ENSG00000058085,8P9U3X_hMulti,hMulti,,
LMNB1,ENSG00000113368,8P9U3X_hMulti,hMulti,,
LRP2,ENSG00000081479,8P9U3X_hMulti,hMulti,,
MGP,ENSG00000111341,8P9U3X_hMulti,hMulti,,
MUC5AC,ENSG00000215182,8P9U3X_hMulti,hMulti,,
NCAM1,ENSG00000149294,8P9U3X_hMulti,hMulti,,
ONECUT2,ENSG00000119547,8P9U3X_hMulti,hMulti,,
PLAT,ENSG00000104368,8P9U3X_hMulti,hMulti,,
SERPINE1,ENSG00000106366,8P9U3X_hMulti,hMulti,,
SLC39A6,ENSG00000141424,8P9U3X_hMulti,hMulti,,
SOX9,ENSG00000125398,8P9U3X_hMulti,hMulti,,
SPP1,ENSG00000118785,8P9U3X_hMulti,hMulti,,
TFF1,ENSG00000160182,8P9U3X_hMulti,hMulti,,
TGFB1,ENSG00000105329,8P9U3X_hMulti,hMulti,,
TOX,ENSG00000198846,8P9U3X_hMulti,hMulti,,
VEGFA,ENSG00000112715,8P9U3X_hMulti,hMulti,,
ENTPD1,ENSG00000138185,8P9U3X_hMulti,hMulti,,
GATA3,ENSG00000107485,8P9U3X_hMulti,hMulti,,
AMY2B,ENSG00000240038,8P9U3X_hMulti,hMulti,,
CALB1,ENSG00000104327,8P9U3X_hMulti,hMulti,,
CDH1,ENSG00000039068,8P9U3X_hMulti,hMulti,,
CDKN2A_p14arf,CDKN2A_p14arf,8P9U3X_hMulti,hMulti,,
CLDN18,ENSG00000066405,8P9U3X_hMulti,hMulti,,
NPHS2,ENSG00000116218,8P9U3X_hMulti,hMulti,,
PAX2,ENSG00000075891,8P9U3X_hMulti,hMulti,,
PAX8,ENSG00000125618,8P9U3X_hMulti,hMulti,,
SCNN1A,ENSG00000111319,8P9U3X_hMulti,hMulti,,
TNF,ENSG00000232810,8P9U3X_hMulti,hMulti,,
ATP6V1C1,ENSG00000155097,8P9U3X_hMulti,hMulti,,
EFNB2,ENSG00000125266,8P9U3X_hMulti,hMulti,,
EPHB4,ENSG00000196411,8P9U3X_hMulti,hMulti,,
LYPD3,ENSG00000124466,8P9U3X_hMulti,hMulti,,
PTCH1,ENSG00000185920,8P9U3X_hMulti,hMulti,,
RET,ENSG00000165731,8P9U3X_hMulti,hMulti,,
S100A4,ENSG00000196154,8P9U3X_hMulti,hMulti,,
SHH,ENSG00000164690,8P9U3X_hMulti,hMulti,,
SIX2,ENSG00000170577,8P9U3X_hMulti,hMulti,,
TBX18,ENSG00000112837,8P9U3X_hMulti,hMulti,,
REL,ENSG00000162924,8P9U3X_hMulti,hMulti,,
ACAN,ENSG00000157766,8P9U3X_hMulti,hMulti,,
B3GAT1,ENSG00000109956,8P9U3X_hMulti,hMulti,,
CALCR,ENSG00000004948,8P9U3X_hMulti,hMulti,,
FABP4,ENSG00000170323,8P9U3X_hMulti,hMulti,,
IFI44L,ENSG00000137959,8P9U3X_hMulti,hMulti,,
IFIT2,ENSG00000119922,8P9U3X_hMulti,hMulti,,
IRF1,ENSG00000125347,8P9U3X_hMulti,hMulti,,
KITLG,ENSG00000049130,8P9U3X_hMulti,hMulti,,
LEPR,ENSG00000116678,8P9U3X_hMulti,hMulti,,
TLE4,ENSG00000106829,8P9U3X_hMulti,hMulti,,
TNFRSF11A,ENSG00000141655,8P9U3X_hMulti,hMulti,,
AREG,ENSG00000109321,8P9U3X_hMulti,hMulti,,
CHI3L1,ENSG00000133048,8P9U3X_hMulti,hMulti,,
SREBF1,ENSG00000072310,8P9U3X_hMulti,hMulti,,
TFF3,ENSG00000160180,8P9U3X_hMulti,hMulti,,
MUC1,ENSG00000185499,8P9U3X_hMulti,hMulti,,
MUC2,ENSG00000198788,8P9U3X_hMulti,hMulti,,
AVPR2,ENSG00000126895,8P9U3X_hMulti,hMulti,,
CD44,ENSG00000026508,8P9U3X_hMulti,hMulti,,
CDH11,ENSG00000140937,8P9U3X_hMulti,hMulti,,
CSF1R,ENSG00000182578,8P9U3X_hMulti,hMulti,,
GATA4,ENSG00000136574,8P9U3X_hMulti,hMulti,,
GPR160,ENSG00000173890,8P9U3X_hMulti,hMulti,,
KLF6,ENSG00000067082,8P9U3X_hMulti,hMulti,,
KRT15,ENSG00000171346,8P9U3X_hMulti,hMulti,,
KRT18,ENSG00000111057,8P9U3X_hMulti,hMulti,,
KRT8,ENSG00000170421,8P9U3X_hMulti,hMulti,,
MBP,ENSG00000197971,8P9U3X_hMulti,hMulti,,
NTNG1,ENSG00000162631,8P9U3X_hMulti,hMulti,,
SCD,ENSG00000099194,8P9U3X_hMulti,hMulti,,
SCIN,ENSG00000006747,8P9U3X_hMulti,hMulti,,
SLC1A2,ENSG00000110436,8P9U3X_hMulti,hMulti,,
SLC2A1,ENSG00000117394,8P9U3X_hMulti,hMulti,,
SOCS2,ENSG00000120833,8P9U3X_hMulti,hMulti,,
SYT1,ENSG00000067715,8P9U3X_hMulti,hMulti,,
TP63,ENSG00000073282,8P9U3X_hMulti,hMulti,,
TUBB3,ENSG00000258947,8P9U3X_hMulti,hMulti,,
UCHL1,ENSG00000154277,8P9U3X_hMulti,hMulti,,
VIM,ENSG00000026025,8P9U3X_hMulti,hMulti,,
VPREB1,ENSG00000169575,8P9U3X_hMulti,hMulti,,
,,,,,
,,,,,
,,,,,
,,,,,
J9HB8Q_hMulti,,,,,
Gene,Ensembl ID,Panel,Base Panel,,
CSF1R,ENSG00000182578,J9HB8Q_hMulti,hMulti,,
MBP,ENSG00000197971,J9HB8Q_hMulti,hMulti,,
SLC1A2,ENSG00000110436,J9HB8Q_hMulti,hMulti,,
SYT1,ENSG00000067715,J9HB8Q_hMulti,hMulti,,
SOCS2,ENSG00000120833,J9HB8Q_hMulti,hMulti,,
CRP,ENSG00000132693,J9HB8Q_hMulti,hMulti,,
KRT17,ENSG00000128422,J9HB8Q_hMulti,hMulti,,
SOX9,ENSG00000125398,J9HB8Q_hMulti,hMulti,,
TFF1,ENSG00000160182,J9HB8Q_hMulti,hMulti,,
KRT19,ENSG00000171345,J9HB8Q_hMulti,hMulti,,
LAMC2,ENSG00000058085,J9HB8Q_hMulti,hMulti,,
MUC5AC,ENSG00000215182,J9HB8Q_hMulti,hMulti,,
ONECUT2,ENSG00000119547,J9HB8Q_hMulti,hMulti,,
PGC,ENSG00000096088,J9HB8Q_hMulti,hMulti,,
SCIN,ENSG00000006747,J9HB8Q_hMulti,hMulti,,
SPP1,ENSG00000118785,J9HB8Q_hMulti,hMulti,,
AMACR,ENSG00000242110,J9HB8Q_hMulti,hMulti,,
KLK3,ENSG00000142515,J9HB8Q_hMulti,hMulti,,
PROM1,ENSG00000007062,J9HB8Q_hMulti,hMulti,,
STEAP1,ENSG00000164647,J9HB8Q_hMulti,hMulti,,
CP,ENSG00000047457,J9HB8Q_hMulti,hMulti,,
EPHA6,ENSG00000080224,J9HB8Q_hMulti,hMulti,,
HIF1A,ENSG00000100644,J9HB8Q_hMulti,hMulti,,
KRT18,ENSG00000111057,J9HB8Q_hMulti,hMulti,,
PCNX1,ENSG00000100731,J9HB8Q_hMulti,hMulti,,
SAMSN1,ENSG00000155307,J9HB8Q_hMulti,hMulti,,
SCD,ENSG00000099194,J9HB8Q_hMulti,hMulti,,
UCHL1,ENSG00000154277,J9HB8Q_hMulti,hMulti,,
LRP2,ENSG00000081479,J9HB8Q_hMulti,hMulti,,
CCL2,ENSG00000108691,J9HB8Q_hMulti,hMulti,,
CDKN1A,ENSG00000124762,J9HB8Q_hMulti,hMulti,,
CDKN2A,ENSG00000147889,J9HB8Q_hMulti,hMulti,,
FOS,ENSG00000170345,J9HB8Q_hMulti,hMulti,,
CXCL8,ENSG00000169429,J9HB8Q_hMulti,hMulti,,
SERPINE1,ENSG00000106366,J9HB8Q_hMulti,hMulti,,
CA9,ENSG00000107159,J9HB8Q_hMulti,hMulti,,
CD200R1,ENSG00000163606,J9HB8Q_hMulti,hMulti,,
CD44,ENSG00000026508,J9HB8Q_hMulti,hMulti,,
ENTPD1,ENSG00000138185,J9HB8Q_hMulti,hMulti,,
EOMES,ENSG00000163508,J9HB8Q_hMulti,hMulti,,
FN1,ENSG00000115414,J9HB8Q_hMulti,hMulti,,
HAVCR1,ENSG00000113249,J9HB8Q_hMulti,hMulti,,
IRAK3,ENSG00000090376,J9HB8Q_hMulti,hMulti,,
ITGA1,ENSG00000213949,J9HB8Q_hMulti,hMulti,,
ITGAE,ENSG00000083457,J9HB8Q_hMulti,hMulti,,
ITGAX,ENSG00000140678,J9HB8Q_hMulti,hMulti,,
KRT14,ENSG00000186847,J9HB8Q_hMulti,hMulti,,
KRT5,ENSG00000186081,J9HB8Q_hMulti,hMulti,,
KRT8,ENSG00000170421,J9HB8Q_hMulti,hMulti,,
NCAM1,ENSG00000149294,J9HB8Q_hMulti,hMulti,,
SLC2A1,ENSG00000117394,J9HB8Q_hMulti,hMulti,,
SLC6A3,ENSG00000142319,J9HB8Q_hMulti,hMulti,,
TGFB1,ENSG00000105329,J9HB8Q_hMulti,hMulti,,
TOX,ENSG00000198846,J9HB8Q_hMulti,hMulti,,
VEGFA,ENSG00000112715,J9HB8Q_hMulti,hMulti,,
TUBB3,ENSG00000258947,J9HB8Q_hMulti,hMulti,,
BAP1,ENSG00000163930,J9HB8Q_hMulti,hMulti,,
IL6,ENSG00000136244,J9HB8Q_hMulti,hMulti,,
C3,ENSG00000125730,J9HB8Q_hMulti,hMulti,,
C3AR1,ENSG00000171860,J9HB8Q_hMulti,hMulti,,
C5AR1,ENSG00000197405,J9HB8Q_hMulti,hMulti,,
PIGR,ENSG00000162896,J9HB8Q_hMulti,hMulti,,
SMARCB1,ENSG00000099956,J9HB8Q_hMulti,hMulti,,
SYP,ENSG00000102003,J9HB8Q_hMulti,hMulti,,
KLK2,ENSG00000167751,J9HB8Q_hMulti,hMulti,,
TMPRSS2,ENSG00000184012,J9HB8Q_hMulti,hMulti,,
NKX3-1,ENSG00000167034,J9HB8Q_hMulti,hMulti,,
PCA3,ENSG00000225937,J9HB8Q_hMulti,hMulti,,
OLIG2,ENSG00000205927,J9HB8Q_hMulti,hMulti,,
PTPRZ1,ENSG00000106278,J9HB8Q_hMulti,hMulti,,
SLC11A1,ENSG00000018280,J9HB8Q_hMulti,hMulti,,
MMP9,ENSG00000100985,J9HB8Q_hMulti,hMulti,,
APOD,ENSG00000189058,J9HB8Q_hMulti,hMulti,,
CD74,ENSG00000019582,J9HB8Q_hMulti,hMulti,,
GFAP,ENSG00000131095,J9HB8Q_hMulti,hMulti,,
ID3,ENSG00000117318,J9HB8Q_hMulti,hMulti,,
SAA1,ENSG00000173432,J9HB8Q_hMulti,hMulti,,
S100P,ENSG00000163993,J9HB8Q_hMulti,hMulti,,
HAL,ENST00000261208,J9HB8Q_hMulti,hMulti,,
CDH12,ENSG00000154162,J9HB8Q_hMulti,hMulti,,
FSTL4,ENSG00000053108,J9HB8Q_hMulti,hMulti,,
SORCS1,ENSG00000108018,J9HB8Q_hMulti,hMulti,,
MAG,ENSG00000105695,J9HB8Q_hMulti,hMulti,,
CTNNA3,ENSG00000183230,J9HB8Q_hMulti,hMulti,,
MOG,ENSG00000204655,J9HB8Q_hMulti,hMulti,,
AQP4,ENSG00000171885,J9HB8Q_hMulti,hMulti,,
FGFR3,ENSG00000068078,J9HB8Q_hMulti,hMulti,,
RYR3,ENSG00000198838,J9HB8Q_hMulti,hMulti,,
ENPP3,ENSG00000154269,J9HB8Q_hMulti,hMulti,,
PDCD1,ENSG00000188389,J9HB8Q_hMulti,hMulti,,
HK2,ENSG00000159399,J9HB8Q_hMulti,hMulti,,
FBP1,ENSG00000165140,J9HB8Q_hMulti,hMulti,,
NDRG1,ENSG00000104419,J9HB8Q_hMulti,hMulti,,
TGM2,ENSG00000198959,J9HB8Q_hMulti,hMulti,,
ADAM8,ENSG00000151651,J9HB8Q_hMulti,hMulti,,
,,,,,
,,,,,
8UT8B9_hMulti,,,,,
Gene,Ensembl ID,Panel,Base Panel,,
HAVCR1,ENSG00000113249,8UT8B9_hMulti,hMulti,,
SLC6A3,ENSG00000142319,8UT8B9_hMulti,hMulti,,
EPHA6,ENSG00000080224,8UT8B9_hMulti,hMulti,,
IFNG,ENSG00000111537,8UT8B9_hMulti,hMulti,,
AZGP1,ENSG00000160862,8UT8B9_hMulti,hMulti,,
CA9,ENSG00000107159,8UT8B9_hMulti,hMulti,,
CDKN1A,ENSG00000124762,8UT8B9_hMulti,hMulti,,
CDKN2A_p16,CDKN2A_p16,8UT8B9_hMulti,hMulti,,
COX6C,ENSG00000164919,8UT8B9_hMulti,hMulti,,
CP,ENSG00000047457,8UT8B9_hMulti,hMulti,,
CRP,ENSG00000132693,8UT8B9_hMulti,hMulti,,
FN1,ENSG00000115414,8UT8B9_hMulti,hMulti,,
FOS,ENSG00000170345,8UT8B9_hMulti,hMulti,,
HIF1A,ENSG00000100644,8UT8B9_hMulti,hMulti,,
IGFBP7,ENSG00000163453,8UT8B9_hMulti,hMulti,,
ITGAX,ENSG00000140678,8UT8B9_hMulti,hMulti,,
JUN,ENSG00000177606,8UT8B9_hMulti,hMulti,,
KRT14,ENSG00000186847,8UT8B9_hMulti,hMulti,,
KRT17,ENSG00000128422,8UT8B9_hMulti,hMulti,,
KRT19,ENSG00000171345,8UT8B9_hMulti,hMulti,,
KRT5,ENSG00000186081,8UT8B9_hMulti,hMulti,,
LAMC2,ENSG00000058085,8UT8B9_hMulti,hMulti,,
LMNB1,ENSG00000113368,8UT8B9_hMulti,hMulti,,
LRP2,ENSG00000081479,8UT8B9_hMulti,hMulti,,
MGP,ENSG00000111341,8UT8B9_hMulti,hMulti,,
MUC5AC,ENSG00000215182,8UT8B9_hMulti,hMulti,,
NCAM1,ENSG00000149294,8UT8B9_hMulti,hMulti,,
ONECUT2,ENSG00000119547,8UT8B9_hMulti,hMulti,,
PLAT,ENSG00000104368,8UT8B9_hMulti,hMulti,,
SERPINE1,ENSG00000106366,8UT8B9_hMulti,hMulti,,
SLC39A6,ENSG00000141424,8UT8B9_hMulti,hMulti,,
SOX9,ENSG00000125398,8UT8B9_hMulti,hMulti,,
SPP1,ENSG00000118785,8UT8B9_hMulti,hMulti,,
TFF1,ENSG00000160182,8UT8B9_hMulti,hMulti,,
TGFB1,ENSG00000105329,8UT8B9_hMulti,hMulti,,
TOX,ENSG00000198846,8UT8B9_hMulti,hMulti,,
VEGFA,ENSG00000112715,8UT8B9_hMulti,hMulti,,
ENTPD1,ENSG00000138185,8UT8B9_hMulti,hMulti,,
GATA3,ENSG00000107485,8UT8B9_hMulti,hMulti,,
AVPR2,ENSG00000126895,8UT8B9_hMulti,hMulti,,
CD44,ENSG00000026508,8UT8B9_hMulti,hMulti,,
CDH11,ENSG00000140937,8UT8B9_hMulti,hMulti,,
CSF1R,ENSG00000182578,8UT8B9_hMulti,hMulti,,
GATA4,ENSG00000136574,8UT8B9_hMulti,hMulti,,
GPR160,ENSG00000173890,8UT8B9_hMulti,hMulti,,
KLF6,ENSG00000067082,8UT8B9_hMulti,hMulti,,
KRT15,ENSG00000171346,8UT8B9_hMulti,hMulti,,
KRT18,ENSG00000111057,8UT8B9_hMulti,hMulti,,
KRT8,ENSG00000170421,8UT8B9_hMulti,hMulti,,
MBP,ENSG00000197971,8UT8B9_hMulti,hMulti,,
NTNG1,ENSG00000162631,8UT8B9_hMulti,hMulti,,
SCD,ENSG00000099194,8UT8B9_hMulti,hMulti,,
SCIN,ENSG00000006747,8UT8B9_hMulti,hMulti,,
SLC1A2,ENSG00000110436,8UT8B9_hMulti,hMulti,,
SLC2A1,ENSG00000117394,8UT8B9_hMulti,hMulti,,
SOCS2,ENSG00000120833,8UT8B9_hMulti,hMulti,,
SYT1,ENSG00000067715,8UT8B9_hMulti,hMulti,,
TP63,ENSG00000073282,8UT8B9_hMulti,hMulti,,
TUBB3,ENSG00000258947,8UT8B9_hMulti,hMulti,,
UCHL1,ENSG00000154277,8UT8B9_hMulti,hMulti,,
VIM,ENSG00000026025,8UT8B9_hMulti,hMulti,,
VPREB1,ENSG00000169575,8UT8B9_hMulti,hMulti,,
IRAK3,ENSG00000090376,8UT8B9_hMulti,hMulti,,
CCL2,ENSG00000108691,8UT8B9_hMulti,hMulti,,
NFKB1,ENSG00000109320,8UT8B9_hMulti,hMulti,,
CXCL8,ENSG00000169429,8UT8B9_hMulti,hMulti,,
CDKN2A,ENSG00000147889,8UT8B9_hMulti,hMulti,,
TP53BP1,ENSG00000067369,8UT8B9_hMulti,hMulti,,
CDKN2D,ENSG00000129355,8UT8B9_hMulti,hMulti,,
IL6,ENSG00000136244,8UT8B9_hMulti,hMulti,,
BAP1,ENSG00000163930,8UT8B9_hMulti,hMulti,,
IL10,ENSG00000136634,8UT8B9_hMulti,hMulti,,
IL1A,ENSG00000115008,8UT8B9_hMulti,hMulti,,
SAMSN1,ENSG00000155307,8UT8B9_hMulti,hMulti,,
C1QB,ENSG00000173369,8UT8B9_hMulti,hMulti,,
SIPA1L1,ENSG00000197555,8UT8B9_hMulti,hMulti,,
PCNX1,ENSG00000100731,8UT8B9_hMulti,hMulti,,
KLK3,ENSG00000142515,8UT8B9_hMulti,hMulti,,
AMACR,ENSG00000242110,8UT8B9_hMulti,hMulti,,
STEAP1,ENSG00000164647,8UT8B9_hMulti,hMulti,,
PROM1,ENSG00000007062,8UT8B9_hMulti,hMulti,,
SYPL1,ENSG00000008282,8UT8B9_hMulti,hMulti,,
PGC,ENSG00000096088,8UT8B9_hMulti,hMulti,,
RELA,ENSG00000173039,8UT8B9_hMulti,hMulti,,
STAT1,ENSG00000115415,8UT8B9_hMulti,hMulti,,
ITGAE,ENSG00000083457,8UT8B9_hMulti,hMulti,,
ITGA1,ENSG00000213949,8UT8B9_hMulti,hMulti,,
CD200R1,ENSG00000163606,8UT8B9_hMulti,hMulti,,
RBPJ,ENSG00000168214,8UT8B9_hMulti,hMulti,,
EOMES,ENSG00000163508,8UT8B9_hMulti,hMulti,,
KRAS,ENSG00000133703,8UT8B9_hMulti,hMulti,,
,,,,,
,,,,,
TQDHMX_hMulti,,,,,
gene,ensembl_id,Panel,Base Panel,,
ANGPT1,ENSG00000154188,TQDHMX_hMulti,hMulti,,
APOD,ENSG00000189058,TQDHMX_hMulti,hMulti,,
APOE,ENSG00000130203,TQDHMX_hMulti,hMulti,,
ASXL1_p.Q733___ALT:T,ASXL1_p.Q733___ALT:T,TQDHMX_hMulti,hMulti,,
ASXL1_p.Q733___WT,ASXL1_p.Q733___WT,TQDHMX_hMulti,hMulti,,
ATM,ENSG00000149311,TQDHMX_hMulti,hMulti,,
AVP,ENSG00000101200,TQDHMX_hMulti,hMulti,,
AZU1,ENSG00000172232,TQDHMX_hMulti,hMulti,,
BAP1,ENSG00000163930,TQDHMX_hMulti,hMulti,,
BGLAP,ENSG00000242252,TQDHMX_hMulti,hMulti,,
BMP4,ENSG00000125378,TQDHMX_hMulti,hMulti,,
BST2,ENSG00000130303,TQDHMX_hMulti,hMulti,,
CALCA,ENSG00000110680,TQDHMX_hMulti,hMulti,,
CAMP,ENSG00000164047,TQDHMX_hMulti,hMulti,,
CCL2,ENSG00000108691,TQDHMX_hMulti,hMulti,,
CCL3,ENSG00000277632,TQDHMX_hMulti,hMulti,,
CD164,ENSG00000135535,TQDHMX_hMulti,hMulti,,
CD38,ENSG00000004468,TQDHMX_hMulti,hMulti,,
CD48,ENSG00000117091,TQDHMX_hMulti,hMulti,,
CD53,ENSG00000143119,TQDHMX_hMulti,hMulti,,
CD74,ENSG00000019582,TQDHMX_hMulti,hMulti,,
HIF1A,ENSG00000100644,TQDHMX_hMulti,hMulti,,
CDKN1A,ENSG00000124762,TQDHMX_hMulti,hMulti,,
CDKN2A_p16,CDKN2A_p16,TQDHMX_hMulti,hMulti,,
CDKN2D,ENSG00000129355,TQDHMX_hMulti,hMulti,,
CEBPA,ENSG00000245848,TQDHMX_hMulti,hMulti,,
CP,ENSG00000047457,TQDHMX_hMulti,hMulti,,
CRP,ENSG00000132693,TQDHMX_hMulti,hMulti,,
CSPG4,ENSG00000173546,TQDHMX_hMulti,hMulti,,
CXCL12,ENSG00000107562,TQDHMX_hMulti,hMulti,,
CXCL8,ENSG00000169429,TQDHMX_hMulti,hMulti,,
DKK1,ENSG00000107984,TQDHMX_hMulti,hMulti,,
DNMT3A_p.R882C_WT,DNMT3A_p.R882C_WT,TQDHMX_hMulti,hMulti,,
DNMT3A_p.R882C_ALT:A,DNMT3A_p.R882C_ALT:A,TQDHMX_hMulti,hMulti,,
DNTT,ENSG00000107447,TQDHMX_hMulti,hMulti,,
DPP4,ENSG00000197635,TQDHMX_hMulti,hMulti,,
ELANE,ENSG00000197561,TQDHMX_hMulti,hMulti,,
ENG,ENSG00000106991,TQDHMX_hMulti,hMulti,,
EOMES,ENSG00000163508,TQDHMX_hMulti,hMulti,,
FABP4,ENSG00000170323,TQDHMX_hMulti,hMulti,,
FBLN2,ENSG00000163520,TQDHMX_hMulti,hMulti,,
FLT3,ENSG00000122025,TQDHMX_hMulti,hMulti,,
FLT4,ENSG00000037280,TQDHMX_hMulti,hMulti,,
FOS,ENSG00000170345,TQDHMX_hMulti,hMulti,,
FTH1,ENSG00000167996,TQDHMX_hMulti,hMulti,,
FUT4,ENSG00000196371,TQDHMX_hMulti,hMulti,,
GREM1,ENSG00000166923,TQDHMX_hMulti,hMulti,,
HAL,ENSG00000084110,TQDHMX_hMulti,hMulti,,
IGFBP7,ENSG00000163453,TQDHMX_hMulti,hMulti,,
IL10,ENSG00000136634,TQDHMX_hMulti,hMulti,,
IL1A,ENSG00000115008,TQDHMX_hMulti,hMulti,,
ITGAM,ENSG00000169896,TQDHMX_hMulti,hMulti,,
JAK2_p.V617F_WT,JAK2_p.V617F_WT,TQDHMX_hMulti,hMulti,,
JAK2_p.V617F_ALT:T,JAK2_p.V617F_ALT:T,TQDHMX_hMulti,hMulti,,
JUN,ENSG00000177606,TQDHMX_hMulti,hMulti,,
KDR,ENSG00000128052,TQDHMX_hMulti,hMulti,,
KITLG,ENSG00000049130,TQDHMX_hMulti,hMulti,,
KLF6,ENSG00000067082,TQDHMX_hMulti,hMulti,,
LEPR,ENSG00000116678,TQDHMX_hMulti,hMulti,,
LGALS1,ENSG00000100097,TQDHMX_hMulti,hMulti,,
LMNB1,ENSG00000113368,TQDHMX_hMulti,hMulti,,
LTF,ENSG00000012223,TQDHMX_hMulti,hMulti,,
LYZ,ENSG00000090382,TQDHMX_hMulti,hMulti,,
MCAM,ENSG00000076706,TQDHMX_hMulti,hMulti,,
MLLT3,ENSG00000171843,TQDHMX_hMulti,hMulti,,
MMP9,ENSG00000100985,TQDHMX_hMulti,hMulti,,
MPL,ENSG00000117400,TQDHMX_hMulti,hMulti,,
MPO,ENSG00000005381,TQDHMX_hMulti,hMulti,,
MS4A3,ENSG00000149516,TQDHMX_hMulti,hMulti,,
NCAM1,ENSG00000149294,TQDHMX_hMulti,hMulti,,
NEO1,ENSG00000067141,TQDHMX_hMulti,hMulti,,
NFKB1,ENSG00000109320,TQDHMX_hMulti,hMulti,,
NGFR,ENSG00000064300,TQDHMX_hMulti,hMulti,,
NT5E,ENSG00000135318,TQDHMX_hMulti,hMulti,,
NTN1,ENSG00000065320,TQDHMX_hMulti,hMulti,,
PARP1,ENSG00000143799,TQDHMX_hMulti,hMulti,,
PAX5,ENSG00000196092,TQDHMX_hMulti,hMulti,,
PF4,ENSG00000163737,TQDHMX_hMulti,hMulti,,
PLEK,ENSG00000115956,TQDHMX_hMulti,hMulti,,
PLPP5,ENSG00000147535,TQDHMX_hMulti,hMulti,,
PROM1,ENSG00000007062,TQDHMX_hMulti,hMulti,,
RELA,ENSG00000173039,TQDHMX_hMulti,hMulti,,
RUNX1,ENSG00000159216,TQDHMX_hMulti,hMulti,,
RUNX2,ENSG00000124813,TQDHMX_hMulti,hMulti,,
GNAS_p.R201C_WT,GNAS_p.R201C_WT,TQDHMX_hMulti,hMulti,,
GNAS_p.R201H_ALT:A,GNAS_p.R201H_ALT:A,TQDHMX_hMulti,hMulti,,
SDC1,ENSG00000115884,TQDHMX_hMulti,hMulti,,
SDS,ENSG00000135094,TQDHMX_hMulti,hMulti,,
SEMA3A,ENSG00000075213,TQDHMX_hMulti,hMulti,,
SERPINE1,ENSG00000106366,TQDHMX_hMulti,hMulti,,
SF3B1_p.K700E_WT,SF3B1_p.K700E_WT,TQDHMX_hMulti,hMulti,,
SF3B1_p.K700E_ALT:C,SF3B1_p.K700E_ALT:C,TQDHMX_hMulti,hMulti,,
SOX10,ENSG00000100146,TQDHMX_hMulti,hMulti,,
SOX4,ENSG00000124766,TQDHMX_hMulti,hMulti,,
SPINK2,ENSG00000128040,TQDHMX_hMulti,hMulti,,
SPP1,ENSG00000118785,TQDHMX_hMulti,hMulti,,
TIGIT,ENSG00000181847,TQDHMX_hMulti,hMulti,,
TP53BP1,ENSG00000067369,TQDHMX_hMulti,hMulti,,
VEGFA,ENSG00000112715,TQDHMX_hMulti,hMulti,,
VPREB1,ENSG00000169575,TQDHMX_hMulti,hMulti,,
,,,,,
,,,,,
,,,,,
,,,,,
,,,,,
HMTC_DHYHMW,,,,,
Gene,Ensembl ID,Panel,Base Panel,,
KRT14,ENSG00000186847,HMTC_DHYHMW,hMulti_v2,,
COX6C,ENSG00000164919,HMTC_DHYHMW,hMulti_v2,,
SLC39A6,ENSG00000141424,HMTC_DHYHMW,hMulti_v2,,
AZGP1,ENSG00000160862,HMTC_DHYHMW,hMulti_v2,,
CD200R1,ENSG00000163606,HMTC_DHYHMW,hMulti_v2,,
KRT7,ENSG00000135480,HMTC_DHYHMW,hMulti_v2,,
TIMP1,ENSG00000102265,HMTC_DHYHMW,hMulti_v2,,
TGFBI,ENSG00000120708,HMTC_DHYHMW,hMulti_v2,,
GAL3ST1,ENSG00000128242,HMTC_DHYHMW,hMulti_v2,,
PLOD2,ENSG00000152952,HMTC_DHYHMW,hMulti_v2,,
C1R,ENSG00000159403,HMTC_DHYHMW,hMulti_v2,,
ACSS3,ENSG00000111058,HMTC_DHYHMW,hMulti_v2,,
SETD7,ENSG00000145391,HMTC_DHYHMW,hMulti_v2,,
LIN7A,ENSG00000111052,HMTC_DHYHMW,hMulti_v2,,
RHOD,ENSG00000173156,HMTC_DHYHMW,hMulti_v2,,
PI3,ENSG00000124102,HMTC_DHYHMW,hMulti_v2,,
LOXL4,ENSG00000138131,HMTC_DHYHMW,hMulti_v2,,
S100P,ENSG00000163993,HMTC_DHYHMW,hMulti_v2,,
ID3,ENSG00000117318,HMTC_DHYHMW,hMulti_v2,,
TFF3,ENSG00000160180,HMTC_DHYHMW,hMulti_v2,,
CREB3L1,ENSG00000157613,HMTC_DHYHMW,hMulti_v2,,
EGR1,ENSG00000120738,HMTC_DHYHMW,hMulti_v2,,
NRG1,ENSG00000157168,HMTC_DHYHMW,hMulti_v2,,
FMO2,ENSG00000094963,HMTC_DHYHMW,hMulti_v2,,
RERGL,ENSG00000111404,HMTC_DHYHMW,hMulti_v2,,
VCAN,ENSG00000038427,HMTC_DHYHMW,hMulti_v2,,
ANXA1,ENSG00000135046,HMTC_DHYHMW,hMulti_v2,,
C3,ENSG00000125730,HMTC_DHYHMW,hMulti_v2,,
SYT1,ENSG00000067715,HMTC_DHYHMW,hMulti_v2,,
MYT1L,ENSG00000186487,HMTC_DHYHMW,hMulti_v2,,
ADGRV1,ENSG00000164199,HMTC_DHYHMW,hMulti_v2,,
MBP,ENSG00000197971,HMTC_DHYHMW,hMulti_v2,,
BRINP3,ENSG00000162670,HMTC_DHYHMW,hMulti_v2,,
RYR3,ENSG00000198838,HMTC_DHYHMW,hMulti_v2,,
CYP3A4,ENSG00000160868,HMTC_DHYHMW,hMulti_v2,,
HAL,ENSG00000084110,HMTC_DHYHMW,hMulti_v2,,
HINT1,ENSG00000169567,HMTC_DHYHMW,hMulti_v2,,
RBP1,ENSG00000114115,HMTC_DHYHMW,hMulti_v2,,
KRT17,ENSG00000128422,HMTC_DHYHMW,hMulti_v2,,
PGC,ENSG00000096088,HMTC_DHYHMW,hMulti_v2,,
ONECUT2,ENSG00000119547,HMTC_DHYHMW,hMulti_v2,,
AMY2A,ENSG00000243480,HMTC_DHYHMW,hMulti_v2,,
INS,ENSG00000254647,HMTC_DHYHMW,hMulti_v2,,
GCG,ENSG00000115263,HMTC_DHYHMW,hMulti_v2,,
PTPRC,ENSG00000081237,HMTC_DHYHMW,hMulti_v2,,
ACTA2,ENSG00000107796,HMTC_DHYHMW,hMulti_v2,,
TFF2,ENSG00000160181,HMTC_DHYHMW,hMulti_v2,,
C7,ENSG00000112936,HMTC_DHYHMW,hMulti_v2,,
KRT19,ENSG00000171345,HMTC_DHYHMW,hMulti_v2,,
TFF1,ENSG00000160182,HMTC_DHYHMW,hMulti_v2,,
CRP,ENSG00000132693,HMTC_DHYHMW,hMulti_v2,,
APOD,ENSG00000189058,HMTC_DHYHMW,hMulti_v2,,
MYH11,ENSG00000133392,HMTC_DHYHMW,hMulti_v2,,
CLU,ENSG00000120885,HMTC_DHYHMW,hMulti_v2,,
DCDC2,ENSG00000146038,HMTC_DHYHMW,hMulti_v2,,
PCP4,ENSG00000183036,HMTC_DHYHMW,hMulti_v2,,
GPRC5A,ENSG00000013588,HMTC_DHYHMW,hMulti_v2,,
CLDN4,ENSG00000189143,HMTC_DHYHMW,hMulti_v2,,
FXYD2,ENSG00000137731,HMTC_DHYHMW,hMulti_v2,,
PIGR,ENSG00000162896,HMTC_DHYHMW,hMulti_v2,,
AQP2,ENSG00000167580,HMTC_DHYHMW,hMulti_v2,,
KLK3,ENSG00000142515,HMTC_DHYHMW,hMulti_v2,,
SCGB1A1,ENSG00000149021,HMTC_DHYHMW,hMulti_v2,,
KLK2,ENSG00000167751,HMTC_DHYHMW,hMulti_v2,,
KRT5,ENSG00000186081,HMTC_DHYHMW,hMulti_v2,,
CHGA,ENSG00000100604,HMTC_DHYHMW,hMulti_v2,,
SCGB3A1,ENSG00000161055,HMTC_DHYHMW,hMulti_v2,,
LTF,ENSG00000012223,HMTC_DHYHMW,hMulti_v2,,
CCL2,ENSG00000108691,HMTC_DHYHMW,hMulti_v2,,
ROBO1,ENSG00000169855,HMTC_DHYHMW,hMulti_v2,,
ITGA9,ENSG00000144668,HMTC_DHYHMW,hMulti_v2,,
ITGB1,ENSG00000150093,HMTC_DHYHMW,hMulti_v2,,
FLRT2,ENSG00000185070,HMTC_DHYHMW,hMulti_v2,,
LAMA2,ENSG00000196569,HMTC_DHYHMW,hMulti_v2,,
FOS,ENSG00000170345,HMTC_DHYHMW,hMulti_v2,,
JUN,ENSG00000177606,HMTC_DHYHMW,hMulti_v2,,
BRAF_p.V600E_ALT:T,BRAF_p.V600E_ALT:T,HMTC_DHYHMW,hMulti_v2,,
BRAF_p.V600E_WT,BRAF_p.V600E_WT,HMTC_DHYHMW,hMulti_v2,,
Bacteroides.fragilis.16S.rRNA,Bacteroides.fragilis.16S.rRNA,HMTC_DHYHMW,hMulti_v2,,
Bacteroides.fragilis.23S.rRNA,Bacteroides.fragilis.23S.rRNA,HMTC_DHYHMW,hMulti_v2,,
Bacteroides.fragilis.bft,Bacteroides.fragilis.bft,HMTC_DHYHMW,hMulti_v2,,
Escherichia.coli.16S.rRNA,Escherichia.coli.16S.rRNA,HMTC_DHYHMW,hMulti_v2,,
Fusobacterium.nucleatum.23S.rRNA,Fusobacterium.nucleatum.23S.rRNA,HMTC_DHYHMW,hMulti_v2,,
Fusobacterium.nucleatum.fadA,Fusobacterium.nucleatum.fadA,HMTC_DHYHMW,hMulti_v2,,
Human.papillomavirus.16.E6,Human.papillomavirus.16.E6,HMTC_DHYHMW,hMulti_v2,,
Human.papillomavirus.16.E7,Human.papillomavirus.16.E7,HMTC_DHYHMW,hMulti_v2,,
Human.papillomavirus.18.E4,Human.papillomavirus.18.E4,HMTC_DHYHMW,hMulti_v2,,
Human.papillomavirus.18.E7,Human.papillomavirus.18.E7,HMTC_DHYHMW,hMulti_v2,,
KRAS_p.G12D_ALT:T,KRAS_p.G12D_ALT:T,HMTC_DHYHMW,hMulti_v2,,
KRAS_p.G12V_ALT:A,KRAS_p.G12V_ALT:A,HMTC_DHYHMW,hMulti_v2,,
KRAS_p.G12V_WT,KRAS_p.G12V_WT,HMTC_DHYHMW,hMulti_v2,,
PIK3CA_p.E545K_ALT:A,PIK3CA_p.E545K_ALT:A,HMTC_DHYHMW,hMulti_v2,,
PIK3CA_p.E545K_WT,PIK3CA_p.E545K_WT,HMTC_DHYHMW,hMulti_v2,,
pks+.Escherichia.coli.clbB,pks+.Escherichia.coli.clbB,HMTC_DHYHMW,hMulti_v2,,
GLUL,ENSG00000135821,HMTC_DHYHMW,hMulti_v2,,
NAMPT,ENSG00000105835,HMTC_DHYHMW,hMulti_v2,,
TXNIP,ENSG00000265972,HMTC_DHYHMW,hMulti_v2,,
ANKRD1,ENSG00000148677,HMTC_DHYHMW,hMulti_v2,,
IRX5,ENSG00000176842,HMTC_DHYHMW,hMulti_v2,,
SPP1,ENSG00000118785,HMTC_DHYHMW,hMulti_v2,,